Task,Secondary
Testing & analysis
Threats modeling
Fault prediction
Fault localization,RCA
Fault localization,RCA
Fault localization,Debugging
Fault localization,Debugging
Fault localization,Debugging
Testing & analysis
KPI prediction
Fault localization,Debugging
Fault localization,Debugging
KPI prediction
KPI prediction
Fault localization,Debugging
Fault localization,Debugging
Fault localization,Debugging
Fault localization,RCA
Fault localization,RCA
KPI prediction
Fault localization,Debugging
KPI prediction
Fault localization,Debugging
Fault localization,Debugging
Anomaly detection
Fault localization,Debugging
Fault localization,Debugging
Fault localization,Debugging
Testing & analysis
Fault localization,Debugging
Fault localization,RCA
Fault localization,RCA
Testing & analysis
Testing & analysis
Anomaly detection
Fault localization,RCA
Fault localization,RCA
Fault localization,RCA
KPI prediction
Fault localization,Debugging
KPI prediction
Testing & analysis
Fault localization,RCA
Testing & analysis
Fault localization,RCA
Fault localization,RCA
Fault localization,Debugging
Fault localization,Debugging
Fault localization,RCA
Fault localization,Debugging
Testing & analysis
Testing & analysis
Testing & analysis
Fault localization,RCA
Fault localization,Debugging
Fault localization,RCA
KPI prediction
Testing & analysis
Fault prediction
Fault localization,RCA
Testing & analysis
Fault localization,RCA
Fault localization,Debugging
Testing & analysis
Testing & analysis
Fault prediction
KPI prediction
KPI prediction
Fault prediction
Fault localization,RCA
Anomaly detection
Fault prediction
Fault localization,RCA
KPI prediction
Fault prediction
Anomaly detection
KPI prediction
Testing & analysis
KPI prediction
Fault localization,RCA
Fault localization,Debugging
Testing & analysis
Fault localization,Debugging
Fault prediction
KPI prediction
Fault localization,RCA
Fault prediction